Timestamp,User Count,Type,Name,Requests/s,Failures/s,50%,66%,75%,80%,90%,95%,98%,99%,99.9%,99.99%,100%,Total Request Count,Total Failure Count,Total Median Response Time,Total Average Response Time,Total Min Response Time,Total Max Response Time,Total Average Content Size
1791294114,0,,Aggregated,0.000000,0.000000,N/A,N/A,N/A,N/A,N/A,N/A,N/A,N/A,N/A,N/A,N/A,0,0,0,0.0,0,0,0
1791294115,0,,Aggregated,0.000000,0.000000,N/A,N/A,N/A,N/A,N/A,N/A,N/A,N/A,N/A,N/A,N/A,0,0,0,0.0,0,0,0
1791294116,200,,Aggregated,0.000000,0.000000,N/A,N/A,N/A,N/A,N/A,N/A,N/A,N/A,N/A,N/A,N/A,0,0,0,0.0,0,0,0
1791294117,400,,Aggregated,0.000000,0.000000,8,10,11,13,15,16,16,16,16,16,16,17,0,8,9.209987235354834,5.645858000207227,16.414846999396104,750.0
1791294118,600,,Aggregated,0.000000,0.000000,8,10,11,13,15,16,16,16,16,16,16,17,0,8,9.209987235354834,5.645858000207227,16.414846999396104,750.0
1791294119,800,,Aggregated,0.000000,0.000000,8,10,11,13,15,16,16,16,16,16,16,17,0,8,9.209987235354834,5.645858000207227,16.414846999396104,750.0
1791294120,1000,,Aggregated,10.666667,0.000000,8,9,10,13,15,36,63,65,68,68,68,101,0,8,11.014238089208646,4.607614000633475,68.47502999880817,620.1287128712871
1791294121,1200,,Aggregated,10.666667,0.000000,8,9,10,13,15,36,63,65,68,68,68,101,0,8,11.014238089208646,4.607614000633475,68.47502999880817,620.1287128712871
1791294122,1400,,Aggregated,10.666667,0.000000,8,9,10,13,15,36,63,65,68,68,68,101,0,8,11.014238089208646,4.607614000633475,68.47502999880817,620.1287128712871
1791294123,1600,,Aggregated,22.500000,0.000000,9,10,14,15,31,63,92,100,230,230,230,251,0,9,15.071933474108487,4.138477999731549,228.45639400111395,1410.0996015936255
1791294124,1800,,Aggregated,22.500000,0.000000,9,10,14,15,31,63,92,100,230,230,230,251,0,9,15.071933474108487,4.138477999731549,228.45639400111395,1410.0996015936255
1791294125,2000,,Aggregated,22.500000,0.000000,9,10,14,15,31,63,92,100,230,230,230,251,0,9,15.071933474108487,4.138477999731549,228.45639400111395,1410.0996015936255
1791294126,2200,,Aggregated,35.555556,0.000000,8,10,14,14,26,43,88,110,270,270,270,470,0,8,14.576005338289605,3.9183970002341084,265.5149199999869,1289.591489361702
1791294127,2400,,Aggregated,35.555556,0.000000,8,10,14,14,26,43,88,110,270,270,270,470,0,8,14.576005338289605,3.9183970002341084,265.5149199999869,1289.591489361702
1791294128,2600,,Aggregated,35.555556,0.000000,8,10,14,14,26,43,92,110,270,270,270,470,0,8,14.576005338289605,3.9183970002341084,265.5149199999869,1289.591489361702
1791294129,2800,,Aggregated,51.600000,0.000000,8,10,14,14,22,38,88,120,270,270,270,731,0,8,13.915341112159373,3.9183970002341084,265.5149199999869,1195.093023255814
1791294130,3000,,Aggregated,51.600000,0.000000,8,10,14,15,26,38,92,120,270,270,270,731,0,8,13.915341112159373,3.9183970002341084,265.5149199999869,1195.093023255814
1791294131,3200,,Aggregated,51.600000,0.000000,8,10,14,15,26,38,92,120,270,270,270,731,0,8,13.915341112159373,3.9183970002341084,265.5149199999869,1195.093023255814
1791294132,3400,,Aggregated,73.400000,0.000000,8,10,14,15,21,36,83,99,270,270,270,1064,0,8,13.526668406947827,3.9183970002341084,265.5149199999869,1184.781954887218
1791294133,3650,,Aggregated,73.400000,0.000000,8,10,14,15,21,36,83,99,270,270,270,1064,0,8,13.526668406947827,3.9183970002341084,265.5149199999869,1184.781954887218
1791294134,3950,,Aggregated,73.400000,0.000000,8,10,14,15,21,36,83,99,270,270,270,1064,0,8,13.526668406947827,3.9183970002341084,265.5149199999869,1184.781954887218
1791294135,4100,,Aggregated,94.000000,0.000000,9,13,15,16,27,40,81,120,290,300,300,1489,0,9,14.967208149081273,3.9183970002341084,301.4841479998722,1254.0779046339826
1791294136,4200,,Aggregated,94.000000,0.000000,9,13,15,16,27,40,81,120,290,300,300,1489,0,9,14.967208149081273,3.9183970002341084,301.4841479998722,1254.0779046339826
1791294137,4600,,Aggregated,94.000000,0.000000,9,13,15,16,27,40,81,120,290,300,300,1489,0,9,14.967208149081273,3.9183970002341084,301.4841479998722,1254.0779046339826
1791294138,4800,,Aggregated,118.300000,0.000000,10,14,16,17,28,39,73,110,290,300,300,2017,0,9,14.95646210857148,3.9183970002341084,301.4841479998722,1242.298958849777
1791294139,5000,,Aggregated,118.300000,0.000000,10,14,16,17,28,39,73,110,290,300,300,2017,0,9,14.95646210857148,3.9183970002341084,301.4841479998722,1242.298958849777
1791294140,5200,,Aggregated,118.300000,0.000000,10,14,16,17,28,39,73,110,290,300,300,2017,0,9,14.95646210857148,3.9183970002341084,301.4841479998722,1242.298958849777
1791294141,5300,,Aggregated,145.600000,0.000000,10,14,16,18,30,43,77,96,290,300,300,2651,0,9,15.138240269707545,3.9183970002341084,301.4841479998722,1235.4058845718596
1791294142,5600,,Aggregated,145.600000,0.000000,10,14,16,18,30,43,77,96,290,300,300,2651,0,9,15.138240269707545,3.9183970002341084,301.4841479998722,1235.4058845718596
1791294143,5800,,Aggregated,145.600000,0.000000,10,14,16,18,30,43,77,96,290,300,300,2651,0,9,15.138240269707545,3.9183970002341084,301.4841479998722,1235.4058845718596
1791294144,6000,,Aggregated,180.500000,0.000000,10,13,15,17,28,39,72,93,270,300,300,3390,0,9,14.60424531887892,3.653347999716061,301.4841479998722,1237.376401179941
1791294145,6200,,Aggregated,180.500000,0.000000,10,13,15,17,28,39,72,93,270,300,300,3390,0,9,14.60424531887892,3.653347999716061,301.4841479998722,1237.376401179941
1791294146,6350,,Aggregated,180.500000,0.000000,10,13,15,17,28,39,72,93,270,300,300,3390,0,9,14.60424531887892,3.653347999716061,301.4841479998722,1237.376401179941
1791294147,6600,,Aggregated,214.000000,0.000000,10,14,17,19,30,46,71,93,260,270,270,4184,0,10,15.676781445752942,3.653347999716061,301.4841479998722,1218.965105162524
1791294148,6800,,Aggregated,214.000000,0.000000,10,14,17,19,30,46,71,93,260,270,270,4184,0,10,15.676781445752942,3.653347999716061,301.4841479998722,1218.965105162524
1791294149,7000,,Aggregated,214.000000,0.000000,10,14,17,19,30,46,71,93,260,270,270,4184,0,10,15.676781445752942,3.653347999716061,301.4841479998722,1218.965105162524
1791294150,7200,,Aggregated,241.900000,0.000000,10,14,17,20,32,51,77,98,260,270,270,5006,0,10,15.897074189977323,3.653347999716061,301.4841479998722,1226.5297642828605
1791294151,7350,,Aggregated,241.900000,0.000000,10,14,17,20,32,51,77,98,260,270,270,5006,0,10,15.897074189977323,3.653347999716061,301.4841479998722,1226.5297642828605
1791294152,7600,,Aggregated,241.900000,0.000000,10,14,17,20,32,51,77,98,260,270,270,5006,0,10,15.897074189977323,3.653347999716061,301.4841479998722,1226.5297642828605
1791294153,7800,,Aggregated,266.200000,0.000000,12,17,22,26,43,65,100,160,300,350,350,6003,0,10,17.952316825758572,3.653347999716061,351.18541100018774,1212.15992003998
1791294154,8000,,Aggregated,266.200000,0.000000,12,17,22,26,43,65,100,160,300,350,350,6003,0,10,17.952316825758572,3.653347999716061,351.18541100018774,1212.15992003998
1791294155,8200,,Aggregated,266.200000,0.000000,12,17,22,26,43,65,100,160,300,350,350,6003,0,10,17.952316825758572,3.653347999716061,351.18541100018774,1212.15992003998
1791294156,8400,,Aggregated,292.600000,0.000000,13,19,25,29,50,73,100,160,320,350,350,7057,0,11,18.86467847910331,3.653347999716061,351.18541100018774,1208.409522459969
1791294157,8600,,Aggregated,292.600000,0.000000,13,19,25,29,50,73,100,160,320,350,350,7057,0,11,18.86467847910331,3.653347999716061,351.18541100018774,1208.409522459969
1791294158,8800,,Aggregated,292.600000,0.000000,13,19,25,29,50,73,100,160,320,350,350,7057,0,11,18.86467847910331,3.653347999716061,351.18541100018774,1208.409522459969
1791294159,9000,,Aggregated,323.300000,0.000000,15,21,28,35,60,87,120,180,350,400,400,8265,0,12,20.628731589117066,3.653347999716061,400.25000700006785,1213.486630369026
1791294160,9200,,Aggregated,323.300000,0.000000,15,21,28,35,60,87,120,180,350,400,400,8265,0,12,20.628731589117066,3.653347999716061,400.25000700006785,1213.486630369026
1791294161,9400,,Aggregated,323.300000,0.000000,15,21,28,35,60,87,120,180,350,400,400,8265,0,12,20.628731589117066,3.653347999716061,400.25000700006785,1213.486630369026
1791294162,9600,,Aggregated,365.200000,0.000000,16,23,30,36,58,86,120,160,350,400,400,9504,0,12,21.05460663184454,3.653347999716061,400.25000700006785,1216.8968855218855
1791294163,9800,,Aggregated,365.200000,0.000000,16,23,30,36,58,86,120,160,350,400,400,9504,0,12,21.05460663184454,3.653347999716061,400.25000700006785,1216.8968855218855
1791294164,10000,,Aggregated,365.200000,0.000000,16,23,30,36,58,86,120,160,350,400,400,9504,0,12,21.05460663184454,3.653347999716061,400.25000700006785,1216.8968855218855
1791294165,10000,,Aggregated,391.100000,0.000000,17,25,33,39,63,89,130,190,400,430,430,10809,0,13,22.741748224907404,3.653347999716061,434.2430669985333,1220.3844944028124
1791294166,10000,,Aggregated,391.100000,0.000000,17,25,33,39,63,89,130,190,400,430,430,10809,0,13,22.741748224907404,3.653347999716061,434.2430669985333,1220.3844944028124
1791294167,10000,,Aggregated,391.100000,0.000000,17,25,33,39,63,89,130,190,400,430,430,10809,0,13,22.741748224907404,3.653347999716061,434.2430669985333,1220.3844944028124
1791294168,10000,,Aggregated,420.800000,0.000000,19,29,40,49,83,110,140,180,400,430,430,12175,0,14,25.05726639014731,3.653347999716061,434.2430669985333,1221.76295687885
1791294169,10000,,Aggregated,420.800000,0.000000,19,29,40,49,83,110,140,180,400,430,430,12175,0,14,25.05726639014731,3.653347999716061,434.2430669985333,1221.76295687885
1791294170,10000,,Aggregated,420.800000,0.000000,19,29,40,49,83,110,140,180,400,430,430,12175,0,14,25.05726639014731,3.653347999716061,434.2430669985333,1221.76295687885
1791294171,10000,,Aggregated,443.300000,0.000000,21,34,47,58,95,130,160,240,400,440,440,13675,0,14,27.392485838762294,3.653347999716061,441.71819100120047,1225.804021937843
1791294172,10000,,Aggregated,443.300000,0.000000,21,34,47,58,95,130,160,240,400,440,440,13675,0,14,27.392485838762294,3.653347999716061,441.71819100120047,1225.804021937843
1791294173,10000,,Aggregated,443.300000,0.000000,21,34,47,58,95,130,160,240,400,440,440,13675,0,14,27.392485838762294,3.653347999716061,441.71819100120047,1225.804021937843
1791294174,10000,,Aggregated,464.300000,0.000000,23,40,59,75,140,190,260,310,410,570,570,15131,0,15,31.44431727539544,3.653347999716061,565.6578939997416,1229.2607230189676
1791294175,10000,,Aggregated,464.300000,0.000000,23,40,59,75,140,190,260,310,410,570,570,15131,0,15,31.44431727539544,3.653347999716061,565.6578939997416,1229.2607230189676
1791294176,10000,,Aggregated,464.300000,0.000000,23,40,59,75,140,190,260,310,410,570,570,15131,0,15,31.44431727539544,3.653347999716061,565.6578939997416,1229.2607230189676
1791294177,10000,,Aggregated,478.200000,0.000000,22,41,65,91,170,220,280,340,410,630,630,16568,0,15,34.25846456035735,3.653347999716061,634.9252359996171,1228.1359850313859
1791294178,10000,,Aggregated,478.200000,0.000000,22,41,65,91,170,220,280,340,410,630,630,16568,0,15,34.25846456035735,3.653347999716061,634.9252359996171,1228.1359850313859
1791294179,10000,,Aggregated,478.200000,0.000000,22,41,65,91,170,220,280,340,410,630,630,16568,0,15,34.25846456035735,3.653347999716061,634.9252359996171,1228.1359850313859
1791294180,10000,,Aggregated,487.100000,0.000000,21,37,61,100,190,240,310,350,430,630,630,18066,0,15,36.09791370784725,3.653347999716061,634.9252359996171,1224.2749916971106
1791294181,10000,,Aggregated,487.100000,0.000000,21,37,61,100,190,240,310,350,430,630,630,18066,0,15,36.09791370784725,3.653347999716061,634.9252359996171,1224.2749916971106
1791294182,10000,,Aggregated,487.100000,0.000000,21,37,61,100,190,240,310,350,430,630,630,18066,0,15,36.09791370784725,3.653347999716061,634.9252359996171,1224.2749916971106
1791294183,10000,,Aggregated,490.400000,0.000000,21,35,61,140,200,250,310,340,420,630,630,19648,0,16,38.274935758648226,3.653347999716061,634.9252359996171,1209.967986563518
1791294184,10000,,Aggregated,490.400000,0.000000,21,35,61,140,200,250,310,340,420,630,630,19648,0,16,38.274935758648226,3.653347999716061,634.9252359996171,1209.967986563518
1791294185,10000,,Aggregated,490.400000,0.000000,21,35,61,140,200,250,310,340,420,630,630,19648,0,16,38.274935758648226,3.653347999716061,634.9252359996171,1209.967986563518
1791294186,10000,,Aggregated,500.800000,0.000000,22,36,61,120,200,250,310,350,480,630,630,21145,0,16,40.086938655138184,3.653347999716061,634.9252359996171,1209.3186568928825
1791294187,10000,,Aggregated,500.800000,0.000000,22,36,61,120,200,250,310,350,480,630,630,21145,0,16,40.086938655138184,3.653347999716061,634.9252359996171,1209.3186568928825
1791294188,10000,,Aggregated,500.800000,0.000000,22,36,61,120,200,250,310,350,480,630,630,21145,0,16,40.086938655138184,3.653347999716061,634.9252359996171,1209.3186568928825
1791294189,10000,,Aggregated,506.000000,0.000000,25,43,70,110,200,260,340,460,770,820,820,22683,0,17,42.86641048970222,3.653347999716061,816.4340799994534,1216.308292553895
1791294190,10000,,Aggregated,506.000000,0.000000,25,43,70,110,200,260,340,460,770,820,820,22683,0,17,42.86641048970222,3.653347999716061,816.4340799994534,1216.308292553895
1791294191,10000,,Aggregated,506.000000,0.000000,25,43,70,110,200,260,340,460,770,820,820,22683,0,17,42.86641048970222,3.653347999716061,816.4340799994534,1216.308292553895
1791294192,10000,,Aggregated,509.600000,0.000000,26,46,74,110,180,240,330,450,770,820,820,24191,0,17,43.34737386403735,3.653347999716061,816.4340799994534,1218.794965069654
1791294193,10000,,Aggregated,509.600000,0.000000,26,46,74,110,180,240,330,450,770,820,820,24191,0,17,43.34737386403735,3.653347999716061,816.4340799994534,1218.794965069654
1791294194,10000,,Aggregated,509.600000,0.000000,26,46,74,110,180,240,330,450,770,820,820,24191,0,17,43.34737386403735,3.653347999716061,816.4340799994534,1218.794965069654
1791294195,10000,,Aggregated,504.900000,0.000000,25,46,69,93,150,200,330,440,770,820,820,25674,0,17,43.35154740982752,3.653347999716061,816.4340799994534,1221.0742774791618
1791294196,10000,,Aggregated,504.900000,0.000000,25,46,69,93,150,200,330,440,770,820,820,25674,0,17,43.35154740982752,3.653347999716061,816.4340799994534,1221.0742774791618
1791294197,10000,,Aggregated,504.900000,0.000000,25,46,69,93,150,200,330,440,770,820,820,25674,0,17,43.35154740982752,3.653347999716061,816.4340799994534,1221.0742774791618
1791294198,10000,,Aggregated,501.800000,0.000000,24,42,61,74,130,170,240,340,770,820,820,27172,0,18,43.04205287884307,3.653347999716061,816.4340799994534,1225.0293316649493
1791294199,10000,,Aggregated,501.800000,0.000000,24,42,61,74,130,170,240,340,770,820,820,27172,0,18,43.04205287884307,3.653347999716061,816.4340799994534,1225.0293316649493
1791294200,10000,,Aggregated,501.800000,0.000000,24,42,61,74,130,170,240,340,770,820,820,27172,0,18,43.04205287884307,3.653347999716061,816.4340799994534,1225.0293316649493
1791294201,10000,,Aggregated,498.700000,0.000000,22,37,52,64,110,150,200,270,470,560,560,28631,0,18,42.92515122758289,3.653347999716061,816.4340799994534,1221.60465928539
1791294202,10000,,Aggregated,498.700000,0.000000,22,37,52,64,110,150,200,270,470,560,560,28631,0,18,42.92515122758289,3.653347999716061,816.4340799994534,1221.60465928539
1791294203,10000,,Aggregated,498.700000,0.000000,22,37,52,64,110,150,200,270,470,560,560,28631,0,18,42.92515122758289,3.653347999716061,816.4340799994534,1221.60465928539
1791294204,10000,,Aggregated,492.500000,0.000000,25,42,58,71,120,160,240,310,500,570,570,30201,0,18,44.193678346046966,3.653347999716061,816.4340799994534,1224.4440912552564
1791294205,10000,,Aggregated,492.500000,0.000000,25,42,58,71,120,160,240,310,500,570,570,30201,0,18,44.193678346046966,3.653347999716061,816.4340799994534,1224.4440912552564
1791294206,10000,,Aggregated,492.500000,0.000000,25,42,58,71,120,160,240,310,500,570,570,30201,0,18,44.193678346046966,3.653347999716061,816.4340799994534,1224.4440912552564
1791294207,10000,,Aggregated,500.600000,0.000000,25,42,57,70,110,170,250,320,520,570,570,31666,0,19,44.132496551283836,3.653347999716061,816.4340799994534,1232.1020968862501
1791294208,10000,,Aggregated,500.600000,0.000000,25,42,57,70,110,170,250,320,520,570,570,31666,0,19,44.132496551283836,3.653347999716061,816.4340799994534,1232.1020968862501
1791294209,10000,,Aggregated,500.600000,0.000000,25,42,57,70,110,170,250,320,520,570,570,31666,0,19,44.132496551283836,3.653347999716061,816.4340799994534,1232.1020968862501
1791294210,10000,,Aggregated,500.900000,0.000000,25,42,59,73,120,170,250,330,520,570,570,33219,0,19,43.98513822210024,3.653347999716061,816.4340799994534,1230.2719527980976
1791294211,10000,,Aggregated,500.900000,0.000000,25,42,59,73,120,170,250,330,520,570,570,33219,0,19,43.98513822210024,3.653347999716061,816.4340799994534,1230.2719527980976
1791294212,10000,,Aggregated,500.900000,0.000000,25,42,59,73,120,170,250,330,520,570,570,33219,0,19,43.98513822210024,3.653347999716061,816.4340799994534,1230.2719527980976
1791294213,10000,,Aggregated,504.000000,0.000000,25,43,60,75,120,160,240,310,510,570,570,34655,0,19,44.18833380992444,3.653347999716061,816.4340799994534,1233.2267493868128
1791294214,10000,,Aggregated,504.000000,0.000000,25,43,60,75,120,160,240,310,510,570,570,34655,0,19,44.18833380992444,3.653347999716061,816.4340799994534,1233.2267493868128
1791294215,10000,,Aggregated,504.000000,0.000000,25,43,60,75,120,160,240,310,510,570,570,34655,0,19,44.18833380992444,3.653347999716061,816.4340799994534,1233.2267493868128
1791294216,10000,,Aggregated,495.600000,0.000000,23,39,55,68,100,140,230,290,500,550,550,36136,0,19,44.18750821831348,3.653347999716061,816.4340799994534,1241.2496679211865
1791294217,10000,,Aggregated,495.600000,0.000000,23,39,55,68,100,140,230,290,500,550,550,36136,0,19,44.18750821831348,3.653347999716061,816.4340799994534,1241.2496679211865
1791294218,10000,,Aggregated,495.600000,0.000000,23,39,55,68,100,140,230,290,500,550,550,36136,0,19,44.18750821831348,3.653347999716061,816.4340799994534,1241.2496679211865
1791294219,10000,,Aggregated,499.600000,0.000000,23,39,55,66,100,140,210,290,490,530,530,37651,0,19,43.95314482927271,3.653347999716061,816.4340799994534,1235.457278691137
1791294220,10000,,Aggregated,499.600000,0.000000,23,39,55,66,100,140,210,290,490,530,530,37651,0,19,43.95314482927271,3.653347999716061,816.4340799994534,1235.457278691137
1791294221,10000,,Aggregated,499.600000,0.000000,23,39,55,66,100,140,210,290,490,530,530,37651,0,19,43.95314482927271,3.653347999716061,816.4340799994534,1235.457278691137
1791294222,10000,,Aggregated,493.600000,0.000000,21,35,49,58,90,120,170,250,410,530,530,39184,0,19,43.23321424392629,3.653347999716061,816.4340799994534,1226.9771080032667
1791294223,10000,,Aggregated,493.600000,0.000000,21,35,49,58,90,120,170,250,410,530,530,39184,0,19,43.23321424392629,3.653347999716061,816.4340799994534,1226.9771080032667
1791294224,10000,,Aggregated,493.600000,0.000000,21,35,49,58,90,120,170,250,410,530,530,39184,0,19,43.23321424392629,3.653347999716061,816.4340799994534,1226.9771080032667
1791294225,10000,,Aggregated,496.500000,0.000000,21,35,49,59,97,140,200,290,500,530,530,40574,0,19,43.788960611253444,3.653347999716061,816.4340799994534,1236.1844777443682
1791294226,10000,,Aggregated,496.500000,0.000000,21,35,49,59,97,140,200,290,500,530,530,40574,0,19,43.788960611253444,3.653347999716061,816.4340799994534,1236.1844777443682
1791294227,10000,,Aggregated,496.500000,0.000000,21,35,49,59,97,140,200,290,500,530,530,40574,0,19,43.788960611253444,3.653347999716061,816.4340799994534,1236.1844777443682
1791294228,10000,,Aggregated,496.800000,0.000000,22,34,48,59,100,150,220,300,490,530,530,42135,0,20,43.906030447893805,3.653347999716061,816.4340799994534,1241.0378545152487
1791294229,10000,,Aggregated,496.800000,0.000000,22,34,48,59,100,150,220,300,490,530,530,42135,0,20,43.906030447893805,3.653347999716061,816.4340799994534,1241.0378545152487
1791294230,10000,,Aggregated,496.800000,0.000000,22,34,48,59,100,150,220,300,490,530,530,42135,0,20,43.906030447893805,3.653347999716061,816.4340799994534,1241.0378545152487
1791294231,10000,,Aggregated,497.500000,0.000000,20,30,42,51,90,140,220,300,490,530,530,43610,0,19,43.18456584012941,3.653347999716061,816.4340799994534,1239.0227012153175
1791294232,10000,,Aggregated,497.500000,0.000000,20,30,42,51,90,140,220,300,490,530,530,43610,0,19,43.18456584012941,3.653347999716061,816.4340799994534,1239.0227012153175
1791294233,10000,,Aggregated,497.500000,0.000000,20,32,43,53,97,150,230,300,500,530,530,43610,0,19,43.18456584012941,3.653347999716061,816.4340799994534,1239.0227012153175
1791294235,10000,,Aggregated,495.900000,0.000000,20,30,40,48,82,130,220,280,490,530,530,45105,0,19,42.651613800376815,3.653347999716061,816.4340799994534,1234.4960203968517
1791294236,10000,,Aggregated,495.900000,0.000000,20,30,40,48,82,130,220,280,490,530,530,45105,0,19,42.651613800376815,3.653347999716061,816.4340799994534,1234.4960203968517
1791294237,10000,,Aggregated,495.900000,0.000000,19,27,36,42,64,94,160,220,370,460,460,45105,0,19,42.651613800376815,3.653347999716061,816.4340799994534,1234.4960203968517
1791294238,10000,,Aggregated,504.400000,0.000000,19,27,36,42,65,95,150,210,380,460,460,46596,0,19,42.28344159020105,3.653347999716061,816.4340799994534,1232.4476779122672
1791294239,10000,,Aggregated,504.400000,0.000000,19,27,36,42,65,95,150,210,380,460,460,46596,0,19,42.28344159020105,3.653347999716061,816.4340799994534,1232.4476779122672
1791294240,10000,,Aggregated,504.400000,0.000000,18,25,33,39,57,74,110,150,350,430,430,46596,0,19,42.28344159020105,3.653347999716061,816.4340799994534,1232.4476779122672
1791294241,10000,,Aggregated,493.700000,0.000000,19,27,36,42,62,92,150,190,380,430,430,48074,0,19,42.19318181403746,3.653347999716061,816.4340799994534,1238.4513250405626
1791294242,10000,,Aggregated,493.700000,0.000000,19,27,36,42,62,92,150,190,380,430,430,48074,0,19,42.19318181403746,3.653347999716061,816.4340799994534,1238.4513250405626
1791294243,10000,,Aggregated,493.700000,0.000000,20,29,39,46,68,100,160,190,380,430,430,48074,0,19,42.19318181403746,3.653347999716061,816.4340799994534,1238.4513250405626
1791294244,10000,,Aggregated,491.600000,0.000000,19,28,36,43,63,92,150,190,380,430,430,49488,0,19,41.71230161932278,3.653347999716061,816.4340799994534,1240.321855803427
1791294245,10000,,Aggregated,491.600000,0.000000,19,28,36,43,63,92,150,190,380,430,430,49488,0,19,41.71230161932278,3.653347999716061,816.4340799994534,1240.321855803427
1791294246,10000,,Aggregated,491.600000,0.000000,19,28,37,44,66,100,160,200,400,430,430,49488,0,19,41.71230161932278,3.653347999716061,816.4340799994534,1240.321855803427
1791294247,10000,,Aggregated,485.300000,0.000000,20,28,36,43,62,91,150,190,400,430,430,51031,0,19,41.294114841939226,3.653347999716061,816.4340799994534,1239.0417981227097
1791294248,10000,,Aggregated,485.300000,0.000000,20,28,36,43,62,91,150,190,400,430,430,51031,0,19,41.294114841939226,3.653347999716061,816.4340799994534,1239.0417981227097
1791294249,10000,,Aggregated,485.300000,0.000000,20,28,36,42,60,84,150,190,380,410,410,51031,0,19,41.294114841939226,3.653347999716061,816.4340799994534,1239.0417981227097
1791294250,10000,,Aggregated,493.700000,0.000000,21,31,41,48,74,110,170,270,410,480,480,52553,0,20,41.48610324917848,3.653347999716061,816.4340799994534,1240.957300249272
1791294251,10000,,Aggregated,493.700000,0.000000,21,31,41,48,74,110,170,270,410,480,480,52553,0,20,41.48610324917848,3.653347999716061,816.4340799994534,1240.957300249272
1791294252,10000,,Aggregated,499.000000,0.000000,22,31,40,47,70,94,140,230,410,480,480,54035,0,20,41.18424143322094,3.653347999716061,816.4340799994534,1237.4958637919867
1791294253,10000,,Aggregated,499.000000,0.000000,22,31,40,47,70,94,140,230,410,480,480,54035,0,20,41.18424143322094,3.653347999716061,816.4340799994534,1237.4958637919867
1791294254,10000,,Aggregated,499.000000,0.000000,22,31,40,47,70,94,140,230,410,480,480,54035,0,20,41.18424143322094,3.653347999716061,816.4340799994534,1237.4958637919867
1791294255,10000,,Aggregated,501.700000,0.000000,23,35,47,55,82,120,170,290,510,560,560,55546,0,20,41.29019719691965,3.653347999716061,816.4340799994534,1239.670021243654
1791294256,10000,,Aggregated,501.700000,0.000000,23,35,47,55,82,120,170,290,510,560,560,55546,0,20,41.29019719691965,3.653347999716061,816.4340799994534,1239.670021243654
1791294257,10000,,Aggregated,501.700000,0.000000,23,35,47,55,82,120,170,290,510,560,560,55546,0,20,41.29019719691965,3.653347999716061,816.4340799994534,1239.670021243654
1791294258,10000,,Aggregated,498.600000,0.000000,25,41,55,66,100,140,190,300,520,640,640,57093,0,20,41.6379324820747,3.653347999716061,816.4340799994534,1238.1189462806299
1791294259,10000,,Aggregated,498.600000,0.000000,25,41,55,66,100,140,190,300,520,640,640,57093,0,20,41.6379324820747,3.653347999716061,816.4340799994534,1238.1189462806299
1791294260,10000,,Aggregated,498.600000,0.000000,25,41,55,66,100,140,190,300,520,640,640,57093,0,20,41.6379324820747,3.653347999716061,816.4340799994534,1238.1189462806299
1791294261,10000,,Aggregated,501.700000,0.000000,22,35,48,57,92,130,170,220,520,640,640,58568,0,20,41.216655699205965,3.653347999716061,816.4340799994534,1236.6547944269907
1791294262,10000,,Aggregated,501.700000,0.000000,22,35,48,57,92,130,170,220,520,640,640,58568,0,20,41.216655699205965,3.653347999716061,816.4340799994534,1236.6547944269907
1791294263,10000,,Aggregated,501.700000,0.000000,22,35,48,57,92,130,170,220,520,640,640,58568,0,20,41.216655699205965,3.653347999716061,816.4340799994534,1236.6547944269907
1791294264,10000,,Aggregated,501.300000,0.000000,19,30,42,51,87,130,170,220,510,640,640,60004,0,20,40.75515136447748,3.653347999716061,816.4340799994534,1233.861725884941
1791294265,10000,,Aggregated,501.300000,0.000000,19,30,42,51,87,130,170,220,510,640,640,60004,0,20,40.75515136447748,3.653347999716061,816.4340799994534,1233.861725884941
1791294266,10000,,Aggregated,501.300000,0.000000,19,30,42,51,87,130,170,220,510,640,640,60004,0,20,40.75515136447748,3.653347999716061,816.4340799994534,1233.861725884941
1791294267,10000,,Aggregated,492.200000,0.000000,17,24,32,38,61,98,140,180,390,480,480,61457,0,20,40.29258723535317,3.653347999716061,816.4340799994534,1232.2023365930652
1791294268,10000,,Aggregated,492.200000,0.000000,17,24,32,38,61,98,140,180,390,480,480,61457,0,20,40.29258723535317,3.653347999716061,816.4340799994534,1232.2023365930652
1791294269,10000,,Aggregated,492.200000,0.000000,17,24,32,38,61,98,140,180,390,480,480,61457,0,20,40.29258723535317,3.653347999716061,816.4340799994534,1232.2023365930652
1791294270,10000,,Aggregated,486.900000,0.000000,16,23,29,35,53,72,100,140,370,480,480,62987,0,20,40.10653764715072,3.653347999716061,816.4340799994534,1229.6623588994555
1791294271,10000,,Aggregated,486.900000,0.000000,16,23,29,35,53,72,100,140,370,480,480,62987,0,20,40.10653764715072,3.653347999716061,816.4340799994534,1229.6623588994555
1791294272,10000,,Aggregated,486.900000,0.000000,16,23,29,35,53,72,100,140,370,480,480,62987,0,20,40.10653764715072,3.653347999716061,816.4340799994534,1229.6623588994555
1791294273,10000,,Aggregated,488.800000,0.000000,19,27,36,43,69,100,140,180,410,550,550,64542,0,20,40.239567980944074,3.653347999716061,816.4340799994534,1230.960304917728
1791294274,10000,,Aggregated,488.800000,0.000000,19,27,36,43,69,100,140,180,410,550,550,64542,0,20,40.239567980944074,3.653347999716061,816.4340799994534,1230.960304917728
1791294275,10000,,Aggregated,488.800000,0.000000,19,27,36,43,69,100,140,180,410,550,550,64542,0,20,40.239567980944074,3.653347999716061,816.4340799994534,1230.960304917728
1791294276,10000,,Aggregated,502.400000,0.000000,22,35,46,55,85,120,160,210,430,740,740,66061,0,20,40.39377578025008,3.653347999716061,816.4340799994534,1233.0388883002074
1791294277,10000,,Aggregated,502.400000,0.000000,22,35,46,55,85,120,160,210,430,740,740,66061,0,20,40.39377578025008,3.653347999716061,816.4340799994534,1233.0388883002074
1791294278,10000,,Aggregated,502.400000,0.000000,22,35,46,55,85,120,160,210,430,740,740,66061,0,20,40.39377578025008,3.653347999716061,816.4340799994534,1233.0388883002074
1791294279,10000,,Aggregated,505.100000,0.000000,21,33,44,54,85,120,160,210,430,740,740,67445,0,20,39.96582221730432,3.653347999716061,816.4340799994534,1230.4591593149974
1791294280,10000,,Aggregated,505.100000,0.000000,21,33,44,54,85,120,160,210,430,740,740,67445,0,20,39.96582221730432,3.653347999716061,816.4340799994534,1230.4591593149974
1791294281,10000,,Aggregated,505.100000,0.000000,21,33,44,54,85,120,160,210,430,740,740,67445,0,20,39.96582221730432,3.653347999716061,816.4340799994534,1230.4591593149974
1791294282,10000,,Aggregated,496.100000,0.000000,21,32,44,53,83,110,170,250,460,740,740,68947,0,20,39.88132769009634,3.653347999716061,816.4340799994534,1231.4075449258125
1791294283,10000,,Aggregated,496.100000,0.000000,21,32,44,53,83,110,170,250,460,740,740,68947,0,20,39.88132769009634,3.653347999716061,816.4340799994534,1231.4075449258125
1791294284,10000,,Aggregated,496.100000,0.000000,21,32,44,53,83,110,170,250,460,740,740,68947,0,20,39.88132769009634,3.653347999716061,816.4340799994534,1231.4075449258125
1791294285,10000,,Aggregated,493.200000,0.000000,19,28,39,47,71,97,150,220,450,740,740,70496,0,20,39.69715516159815,3.653347999716061,816.4340799994534,1231.5597338856105
1791294286,10000,,Aggregated,493.200000,0.000000,19,28,39,47,71,97,150,220,450,740,740,70496,0,20,39.69715516159815,3.653347999716061,816.4340799994534,1231.5597338856105
1791294287,10000,,Aggregated,493.200000,0.000000,19,28,39,47,71,97,150,220,450,740,740,70496,0,20,39.69715516159815,3.653347999716061,816.4340799994534,1231.5597338856105
1791294288,10000,,Aggregated,497.600000,0.000000,19,28,36,43,65,89,140,200,420,540,540,72046,0,20,39.55925606884515,3.653347999716061,816.4340799994534,1234.8839075035394
1791294289,10000,,Aggregated,497.600000,0.000000,19,28,36,43,65,89,140,200,420,540,540,72046,0,20,39.55925606884515,3.653347999716061,816.4340799994534,1234.8839075035394
1791294290,10000,,Aggregated,497.600000,0.000000,19,28,36,43,65,89,140,200,420,540,540,72046,0,20,39.55925606884515,3.653347999716061,816.4340799994534,1234.8839075035394
1791294291,10000,,Aggregated,509.000000,0.000000,19,28,36,43,64,87,140,200,420,540,540,73510,0,20,39.22195024585773,3.653347999716061,816.4340799994534,1234.2809549721126
1791294292,10000,,Aggregated,509.000000,0.000000,19,28,36,43,64,87,140,200,420,540,540,73510,0,20,39.22195024585773,3.653347999716061,816.4340799994534,1234.2809549721126
1791294293,10000,,Aggregated,509.000000,0.000000,19,28,36,43,64,87,140,200,420,540,540,73510,0,20,39.22195024585773,3.653347999716061,816.4340799994534,1234.2809549721126
1791294294,10000,,Aggregated,506.700000,0.000000,17,25,32,38,56,76,110,160,390,460,460,75029,0,19,38.86820592737475,3.653347999716061,816.4340799994534,1232.2101720668009
1791294295,10000,,Aggregated,506.700000,0.000000,17,25,32,38,56,76,110,160,390,460,460,75029,0,19,38.86820592737475,3.653347999716061,816.4340799994534,1232.2101720668009
1791294296,10000,,Aggregated,506.700000,0.000000,17,25,32,38,56,76,110,160,390,460,460,75029,0,19,38.86820592737475,3.653347999716061,816.4340799994534,1232.2101720668009
1791294297,10000,,Aggregated,502.900000,0.000000,16,23,30,36,52,70,100,130,370,440,440,76523,0,19,38.612357675248106,3.653347999716061,816.4340799994534,1233.1056675770683
1791294298,10000,,Aggregated,502.900000,0.000000,16,23,30,36,52,70,100,130,370,440,440,76523,0,19,38.612357675248106,3.653347999716061,816.4340799994534,1233.1056675770683
1791294299,10000,,Aggregated,502.900000,0.000000,16,23,30,36,52,70,100,130,370,440,440,76523,0,19,38.612357675248106,3.653347999716061,816.4340799994534,1233.1056675770683
1791294300,10000,,Aggregated,499.200000,0.000000,16,22,28,33,47,62,86,110,320,390,390,78055,0,19,38.31025229548389,3.653347999716061,816.4340799994534,1233.552507847031
1791294301,10000,,Aggregated,499.200000,0.000000,16,22,28,33,47,62,86,110,320,390,390,78055,0,19,38.31025229548389,3.653347999716061,816.4340799994534,1233.552507847031
1791294302,10000,,Aggregated,499.200000,0.000000,16,22,28,33,47,62,86,110,320,390,390,78055,0,19,38.31025229548389,3.653347999716061,816.4340799994534,1233.552507847031
1791294303,10000,,Aggregated,504.900000,0.000000,16,23,28,33,48,63,90,120,320,360,360,79567,0,19,38.03905253830109,3.653347999716061,816.4340799994534,1231.4447195445348
1791294304,10000,,Aggregated,504.900000,0.000000,16,23,28,33,48,63,90,120,320,360,360,79567,0,19,38.03905253830109,3.653347999716061,816.4340799994534,1231.4447195445348
1791294305,10000,,Aggregated,504.900000,0.000000,16,23,28,33,48,63,90,120,320,360,360,79567,0,19,38.03905253830109,3.653347999716061,816.4340799994534,1231.4447195445348
1791294306,10000,,Aggregated,503.600000,0.000000,17,24,29,34,50,67,100,130,360,430,430,81108,0,19,37.83457434809121,3.653347999716061,816.4340799994534,1229.6989322878137
1791294307,10000,,Aggregated,503.600000,0.000000,17,24,29,34,50,67,100,130,360,430,430,81108,0,19,37.83457434809121,3.653347999716061,816.4340799994534,1229.6989322878137
1791294308,10000,,Aggregated,503.600000,0.000000,17,24,29,34,50,67,100,130,360,430,430,81108,0,19,37.83457434809121,3.653347999716061,816.4340799994534,1229.6989322878137
1791294309,10000,,Aggregated,508.400000,0.000000,17,24,30,36,53,72,110,140,380,450,450,82542,0,19,37.66908441464968,3.653347999716061,816.4340799994534,1231.9184536357247
1791294310,10000,,Aggregated,508.400000,0.000000,17,24,30,36,53,72,110,140,380,450,450,82542,0,19,37.66908441464968,3.653347999716061,816.4340799994534,1231.9184536357247
1791294311,10000,,Aggregated,508.400000,0.000000,17,24,30,36,53,72,110,140,380,450,450,82542,0,19,37.66908441464968,3.653347999716061,816.4340799994534,1231.9184536357247
1791294312,10000,,Aggregated,495.400000,0.000000,17,25,32,37,56,74,110,140,380,450,450,83998,0,19,37.4811555264537,3.653347999716061,816.4340799994534,1230.4726422057668
1791294313,10000,,Aggregated,495.400000,0.000000,17,25,32,37,56,74,110,140,380,450,450,83998,0,19,37.4811555264537,3.653347999716061,816.4340799994534,1230.4726422057668
1791294314,10000,,Aggregated,495.400000,0.000000,17,25,32,37,56,74,110,140,380,450,450,83998,0,19,37.4811555264537,3.653347999716061,816.4340799994534,1230.4726422057668
1791294315,10000,,Aggregated,491.700000,0.000000,18,26,34,40,60,78,120,150,410,460,460,85522,0,19,37.364648939770184,3.653347999716061,816.4340799994534,1231.5978110895442
1791294316,10000,,Aggregated,491.700000,0.000000,18,26,34,40,60,78,120,150,410,460,460,85522,0,19,37.364648939770184,3.653347999716061,816.4340799994534,1231.5978110895442
1791294317,10000,,Aggregated,491.700000,0.000000,18,26,34,40,60,78,120,150,410,460,460,85522,0,19,37.364648939770184,3.653347999716061,816.4340799994534,1231.5978110895442
1791294318,10000,,Aggregated,488.000000,0.000000,18,26,33,39,59,78,120,160,410,460,460,87025,0,19,37.2081953828556,3.653347999716061,816.4340799994534,1231.884642344154
1791294319,10000,,Aggregated,488.000000,0.000000,18,26,33,39,59,78,120,160,410,460,460,87025,0,19,37.2081953828556,3.653347999716061,816.4340799994534,1231.884642344154
1791294320,10000,,Aggregated,488.000000,0.000000,18,26,33,39,59,78,120,160,410,460,460,87025,0,19,37.2081953828556,3.653347999716061,816.4340799994534,1231.884642344154
1791294321,10000,,Aggregated,495.200000,0.000000,18,26,32,38,58,81,130,170,410,460,460,88560,0,19,37.0322470960027,3.653347999716061,816.4340799994534,1231.2744128274617
1791294322,10000,,Aggregated,495.200000,0.000000,18,26,32,38,58,81,130,170,410,460,460,88560,0,19,37.0322470960027,3.653347999716061,816.4340799994534,1231.2744128274617
1791294323,10000,,Aggregated,495.200000,0.000000,18,26,32,38,58,81,130,170,410,460,460,88560,0,19,37.0322470960027,3.653347999716061,816.4340799994534,1231.2744128274617
1791294324,10000,,Aggregated,506.100000,0.000000,17,24,30,35,56,76,120,160,410,460,460,90073,0,19,36.80303928626781,3.653347999716061,816.4340799994534,1229.9676817692316
1791294325,10000,,Aggregated,506.100000,0.000000,17,24,30,35,56,76,120,160,410,460,460,90073,0,19,36.80303928626781,3.653347999716061,816.4340799994534,1229.9676817692316
1791294326,10000,,Aggregated,506.100000,0.000000,17,24,30,35,56,76,120,160,410,460,460,90073,0,19,36.80303928626781,3.653347999716061,816.4340799994534,1229.9676817692316
1791294327,10000,,Aggregated,507.800000,0.000000,17,24,29,34,52,70,120,150,390,440,440,91580,0,19,36.616847575911606,3.653347999716061,816.4340799994534,1230.4872570430225
1791294328,10000,,Aggregated,507.800000,0.000000,17,24,29,34,52,70,120,150,390,440,440,91580,0,19,36.616847575911606,3.653347999716061,816.4340799994534,1230.4872570430225
1791294329,10000,,Aggregated,507.800000,0.000000,17,24,29,34,52,70,120,150,390,440,440,91580,0,19,36.616847575911606,3.653347999716061,816.4340799994534,1230.4872570430225
1791294330,10000,,Aggregated,505.100000,0.000000,17,24,29,33,50,67,100,140,380,440,440,93049,0,19,36.44613961724433,3.653347999716061,816.4340799994534,1229.7605025309247
1791294331,10000,,Aggregated,505.100000,0.000000,17,24,29,33,50,67,100,140,380,440,440,93049,0,19,36.44613961724433,3.653347999716061,816.4340799994534,1229.7605025309247
1791294332,10000,,Aggregated,505.100000,0.000000,17,24,29,33,50,67,100,140,380,440,430,93049,0,19,36.44613961724433,3.653347999716061,816.4340799994534,1229.7605025309247
1791294334,10000,,Aggregated,498.900000,0.000000,18,27,34,40,62,91,130,190,410,510,510,94578,0,19,36.55631032552985,3.653347999716061,816.4340799994534,1231.9685973482206
1791294335,10000,,Aggregated,498.900000,0.000000,18,27,34,40,62,91,130,190,410,510,510,94578,0,19,36.55631032552985,3.653347999716061,816.4340799994534,1231.9685973482206
1791294336,10000,,Aggregated,498.900000,0.000000,20,28,36,44,67,100,160,210,410,510,510,94578,0,19,36.55631032552985,3.653347999716061,816.4340799994534,1231.9685973482206
1791294337,10000,,Aggregated,502.200000,0.000000,18,27,34,41,64,94,140,200,410,510,510,96020,0,19,36.39120665800875,3.653347999716061,816.4340799994534,1231.445292647365
1791294338,10000,,Aggregated,502.200000,0.000000,18,27,34,41,64,94,140,200,410,510,510,96020,0,19,36.39120665800875,3.653347999716061,816.4340799994534,1231.445292647365
1791294339,10000,,Aggregated,502.200000,0.000000,19,28,36,44,71,100,160,210,420,510,510,96020,0,19,36.39120665800875,3.653347999716061,816.4340799994534,1231.445292647365
1791294340,10000,,Aggregated,491.700000,0.000000,18,27,34,41,66,97,150,200,410,510,510,97502,0,19,36.24759661100237,3.653347999716061,816.4340799994534,1232.159124941027
1791294341,10000,,Aggregated,491.700000,0.000000,18,27,34,41,66,97,150,200,410,510,510,97502,0,19,36.24759661100237,3.653347999716061,816.4340799994534,1232.159124941027
1791294342,10000,,Aggregated,491.700000,0.000000,18,26,34,40,67,98,160,210,410,490,490,97502,0,19,36.24759661100237,3.653347999716061,816.4340799994534,1232.159124941027
1791294343,10000,,Aggregated,494.200000,0.000000,17,25,31,37,60,88,130,190,410,490,490,98965,0,19,36.036099450381506,3.653347999716061,816.4340799994534,1232.8628201889558
1791294344,10000,,Aggregated,494.200000,0.000000,17,25,31,37,60,88,130,190,410,490,490,98965,0,19,36.036099450381506,3.653347999716061,816.4340799994534,1232.8628201889558
1791294345,10000,,Aggregated,494.200000,0.000000,16,23,28,32,50,70,100,140,380,480,480,98965,0,19,36.036099450381506,3.653347999716061,816.4340799994534,1232.8628201889558
1791294346,10000,,Aggregated,488.300000,0.000000,16,22,28,31,48,65,98,140,380,480,480,100526,0,19,35.81355684364256,3.653347999716061,816.4340799994534,1232.138123470545
1791294347,10000,,Aggregated,488.300000,0.000000,16,22,28,31,48,65,98,140,380,480,480,100526,0,19,35.81355684364256,3.653347999716061,816.4340799994534,1232.138123470545
1791294348,10000,,Aggregated,488.300000,0.000000,16,22,27,31,46,62,94,130,350,410,410,100526,0,19,35.81355684364256,3.653347999716061,816.4340799994534,1232.138123470545
1791294349,10000,,Aggregated,499.600000,0.000000,16,22,27,32,48,66,100,150,380,460,460,102060,0,19,35.672717306113974,3.653347999716061,816.4340799994534,1231.4249167156574
1791294350,10000,,Aggregated,499.600000,0.000000,16,22,27,32,48,66,100,150,380,460,460,102060,0,19,35.672717306113974,3.653347999716061,816.4340799994534,1231.4249167156574
1791294351,10000,,Aggregated,499.600000,0.000000,15,22,27,31,47,61,98,130,340,460,460,102060,0,19,35.672717306113974,3.653347999716061,816.4340799994534,1231.4249167156574
1791294352,10000,,Aggregated,506.200000,0.000000,16,24,30,35,53,74,120,170,360,460,460,103628,0,19,35.640450732572006,3.653347999716061,816.4340799994534,1231.7290018141814
1791294353,10000,,Aggregated,506.200000,0.000000,16,24,30,35,53,74,120,170,360,460,460,103628,0,19,35.640450732572006,3.653347999716061,816.4340799994534,1231.7290018141814
1791294354,10000,,Aggregated,506.200000,0.000000,17,24,31,38,56,82,130,190,380,460,460,103628,0,19,35.640450732572006,3.653347999716061,816.4340799994534,1231.7290018141814
1791294355,10000,,Aggregated,515.900000,0.000000,16,23,29,35,52,74,120,180,360,460,460,105064,0,19,35.41468875091366,3.653347999716061,816.4340799994534,1230.930166374781
1791294356,10000,,Aggregated,515.900000,0.000000,16,23,29,35,52,74,120,180,360,460,460,105064,0,19,35.41468875091366,3.653347999716061,816.4340799994534,1230.930166374781
1791294357,10000,,Aggregated,494.000000,0.000000,16,23,30,36,54,80,130,190,360,460,460,106096,0,19,35.337758459310386,3.653347999716061,816.4340799994534,1231.3436133313226
1791294358,10000,,Aggregated,502.700000,0.000000,16,24,31,37,55,81,140,190,360,460,460,106479,0,19,35.33146738975758,3.653347999716061,816.4340799994534,1232.359160022164
1791294359,10000,,Aggregated,502.700000,0.000000,16,24,31,37,55,81,140,190,360,460,460,106479,0,19,35.33146738975758,3.653347999716061,816.4340799994534,1232.359160022164
1791294360,10000,,Aggregated,490.200000,0.000000,16,23,29,35,52,78,140,220,390,460,460,107969,0,19,35.20319841191476,3.653347999716061,816.4340799994534,1231.2678083523974
1791294361,10000,,Aggregated,490.200000,0.000000,16,23,29,35,52,78,140,220,390,460,460,107969,0,19,35.20319841191476,3.653347999716061,816.4340799994534,1231.2678083523974
1791294362,10000,,Aggregated,490.200000,0.000000,16,23,29,35,52,78,140,220,390,460,460,107969,0,19,35.20319841191476,3.653347999716061,816.4340799994534,1231.2678083523974
1791294363,10000,,Aggregated,484.900000,0.000000,17,24,31,36,56,84,150,250,420,460,460,109525,0,19,35.23149428234659,3.653347999716061,816.4340799994534,1232.954503538005
1791294364,10000,,Aggregated,484.900000,0.000000,17,24,31,36,56,84,150,250,420,460,460,109525,0,19,35.23149428234659,3.653347999716061,816.4340799994534,1232.954503538005
1791294365,10000,,Aggregated,484.900000,0.000000,17,24,31,36,56,84,150,250,420,460,460,109525,0,19,35.23149428234659,3.653347999716061,816.4340799994534,1232.954503538005
1791294366,10000,,Aggregated,497.600000,0.000000,17,25,31,37,57,85,140,260,430,460,460,111037,0,19,35.094509359375614,3.653347999716061,816.4340799994534,1232.8344966092384
1791294367,10000,,Aggregated,497.600000,0.000000,17,25,31,37,57,85,140,260,430,460,460,111037,0,19,35.094509359375614,3.653347999716061,816.4340799994534,1232.8344966092384
1791294368,10000,,Aggregated,497.600000,0.000000,17,25,31,37,57,85,140,260,430,460,460,111037,0,19,35.094509359375614,3.653347999716061,816.4340799994534,1232.8344966092384
1791294369,10000,,Aggregated,504.600000,0.000000,17,25,31,37,57,83,130,230,430,460,460,112515,0,19,34.96140080191058,3.653347999716061,816.4340799994534,1233.285606363596
1791294370,10000,,Aggregated,504.600000,0.000000,17,25,31,37,57,83,130,230,430,460,460,112515,0,19,34.96140080191058,3.653347999716061,816.4340799994534,1233.285606363596
1791294371,10000,,Aggregated,504.600000,0.000000,17,25,31,37,57,83,130,230,430,460,460,112515,0,19,34.96140080191058,3.653347999716061,816.4340799994534,1233.285606363596
1791294372,10000,,Aggregated,501.900000,0.000000,18,25,31,38,59,82,130,210,420,460,460,113960,0,19,34.887138378570874,3.653347999716061,816.4340799994534,1233.9853106353107
1791294373,10000,,Aggregated,501.900000,0.000000,18,25,31,38,59,82,130,210,420,460,460,113960,0,19,34.887138378570874,3.653347999716061,816.4340799994534,1233.9853106353107
1791294374,10000,,Aggregated,501.900000,0.000000,18,25,31,38,59,82,130,210,420,460,460,113960,0,19,34.887138378570874,3.653347999716061,816.4340799994534,1233.9853106353107
1791294375,10000,,Aggregated,495.100000,0.000000,18,25,31,37,57,79,130,170,430,550,550,115498,0,19,34.85546856681471,3.653347999716061,816.4340799994534,1235.6399504753329
1791294376,10000,,Aggregated,495.100000,0.000000,18,25,31,37,57,79,130,170,430,550,550,115498,0,19,34.85546856681471,3.653347999716061,816.4340799994534,1235.6399504753329
1791294377,10000,,Aggregated,495.100000,0.000000,18,25,31,37,57,79,130,170,430,550,550,115498,0,19,34.85546856681471,3.653347999716061,816.4340799994534,1235.6399504753329
1791294378,10000,,Aggregated,493.600000,0.000000,18,25,31,37,57,78,120,170,430,550,550,117027,0,18,34.70758788395844,3.653347999716061,816.4340799994534,1236.0516291112308
1791294379,10000,,Aggregated,493.600000,0.000000,18,25,31,37,57,78,120,170,430,550,550,117027,0,18,34.70758788395844,3.653347999716061,816.4340799994534,1236.0516291112308
1791294380,10000,,Aggregated,493.600000,0.000000,18,25,31,37,57,78,120,170,430,550,550,117027,0,18,34.70758788395844,3.653347999716061,816.4340799994534,1236.0516291112308
1791294381,10000,,Aggregated,500.800000,0.000000,16,23,29,34,51,72,110,150,430,550,550,118548,0,18,34.49581339650616,3.653347999716061,816.4340799994534,1233.0966275264027
1791294382,10000,,Aggregated,500.800000,0.000000,16,23,29,34,51,72,110,150,430,550,550,118548,0,18,34.49581339650616,3.653347999716061,816.4340799994534,1233.0966275264027
1791294383,10000,,Aggregated,500.800000,0.000000,16,23,29,34,51,72,110,150,430,550,550,118548,0,18,34.49581339650616,3.653347999716061,816.4340799994534,1233.0966275264027
1791294384,10000,,Aggregated,506.900000,0.000000,16,22,27,31,47,65,100,130,380,550,550,120013,0,18,34.35808915054192,3.653347999716061,816.4340799994534,1233.6885420746087
1791294385,10000,,Aggregated,506.900000,0.000000,16,22,27,31,47,65,100,130,380,550,550,120013,0,18,34.35808915054192,3.653347999716061,816.4340799994534,1233.6885420746087
1791294386,10000,,Aggregated,506.900000,0.000000,16,22,27,31,47,65,100,130,380,550,550,120013,0,18,34.35808915054192,3.653347999716061,816.4340799994534,1233.6885420746087
1791294387,10000,,Aggregated,501.700000,0.000000,15,21,26,30,48,65,98,140,370,440,440,121516,0,18,34.28460060322099,3.653347999716061,816.4340799994534,1233.529066131209
1791294388,10000,,Aggregated,501.700000,0.000000,15,21,26,30,48,65,98,140,370,440,440,121516,0,18,34.28460060322099,3.653347999716061,816.4340799994534,1233.529066131209
1791294389,10000,,Aggregated,501.700000,0.000000,15,21,26,30,48,65,98,140,370,440,440,121516,0,18,34.28460060322099,3.653347999716061,816.4340799994534,1233.529066131209
1791294390,10000,,Aggregated,500.200000,0.000000,16,22,28,32,52,74,120,180,390,490,490,123074,0,18,34.2541804434158,3.653347999716061,816.4340799994534,1235.33636673871
1791294391,10000,,Aggregated,500.200000,0.000000,16,22,28,32,52,74,120,180,390,490,490,123074,0,18,34.2541804434158,3.653347999716061,816.4340799994534,1235.33636673871
1791294392,10000,,Aggregated,500.200000,0.000000,16,22,28,32,52,74,120,180,390,490,490,123074,0,18,34.2541804434158,3.653347999716061,816.4340799994534,1235.33636673871
1791294393,10000,,Aggregated,502.400000,0.000000,17,24,30,37,58,78,130,180,380,490,490,124574,0,18,34.15163091116914,3.653347999716061,816.4340799994534,1234.1286945911668
1791294394,10000,,Aggregated,502.400000,0.000000,17,24,30,37,58,78,130,180,380,490,490,124574,0,18,34.15163091116914,3.653347999716061,816.4340799994534,1234.1286945911668
1791294395,10000,,Aggregated,502.400000,0.000000,17,24,30,37,58,78,130,180,380,490,490,124574,0,18,34.15163091116914,3.653347999716061,816.4340799994534,1234.1286945911668
1791294396,10000,,Aggregated,503.900000,0.000000,16,23,30,35,55,76,110,170,370,490,490,126004,0,18,33.98966119951733,3.653347999716061,816.4340799994534,1234.390686009968
1791294397,10000,,Aggregated,503.900000,0.000000,16,23,30,35,55,76,110,170,370,490,490,126004,0,18,33.98966119951733,3.653347999716061,816.4340799994534,1234.390686009968
1791294398,10000,,Aggregated,503.900000,0.000000,16,23,30,35,55,76,110,170,370,490,490,126004,0,18,33.98966119951733,3.653347999716061,816.4340799994534,1234.390686009968
1791294399,10000,,Aggregated,499.300000,0.000000,16,22,27,32,50,68,98,140,350,490,490,127500,0,18,33.83769069630535,3.653347999716061,816.4340799994534,1232.8808705882352
1791294400,10000,,Aggregated,499.300000,0.000000,16,22,27,32,50,68,98,140,350,490,490,127500,0,18,33.83769069630535,3.653347999716061,816.4340799994534,1232.8808705882352
1791294401,10000,,Aggregated,499.300000,0.000000,16,22,27,32,50,68,98,140,350,490,490,127500,0,18,33.83769069630535,3.653347999716061,816.4340799994534,1232.8808705882352
1791294402,10000,,Aggregated,493.000000,0.000000,15,20,24,29,44,58,81,100,340,400,400,129008,0,18,33.676039993116405,3.653347999716061,816.4340799994534,1230.5330367109016
1791294403,10000,,Aggregated,493.000000,0.000000,15,20,24,29,44,58,81,100,340,400,400,129008,0,18,33.676039993116405,3.653347999716061,816.4340799994534,1230.5330367109016
1791294404,10000,,Aggregated,493.000000,0.000000,15,20,24,29,44,58,81,100,340,400,400,129008,0,18,33.676039993116405,3.653347999716061,816.4340799994534,1230.5330367109016
1791294405,10000,,Aggregated,496.600000,0.000000,15,21,25,29,43,57,88,130,350,400,400,130527,0,18,33.5955261489419,3.653347999716061,816.4340799994534,1231.4132478337815
1791294406,10000,,Aggregated,496.600000,0.000000,15,21,25,29,43,57,88,130,350,400,400,130527,0,18,33.5955261489419,3.653347999716061,816.4340799994534,1231.4132478337815
1791294407,10000,,Aggregated,496.600000,0.000000,15,21,25,29,43,57,88,130,350,400,400,130527,0,18,33.5955261489419,3.653347999716061,816.4340799994534,1231.4132478337815
1791294408,10000,,Aggregated,502.000000,0.000000,15,21,26,31,47,66,100,150,380,410,410,132012,0,18,33.52172338481313,3.653347999716061,816.4340799994534,1231.0386631518347
1791294409,10000,,Aggregated,502.000000,0.000000,15,21,26,31,47,66,100,150,380,410,410,132012,0,18,33.52172338481313,3.653347999716061,816.4340799994534,1231.0386631518347
1791294410,10000,,Aggregated,502.000000,0.000000,15,21,26,31,47,66,100,150,380,410,410,132012,0,18,33.52172338481313,3.653347999716061,816.4340799994534,1231.0386631518347
1791294411,10000,,Aggregated,501.000000,0.000000,16,23,29,34,52,73,110,160,380,410,410,133539,0,18,33.45744842443042,3.653347999716061,816.4340799994534,1232.9406690180397
1791294412,10000,,Aggregated,501.000000,0.000000,16,23,29,34,52,73,110,160,380,410,410,133539,0,18,33.45744842443042,3.653347999716061,816.4340799994534,1232.9406690180397
1791294413,10000,,Aggregated,501.000000,0.000000,16,23,29,34,52,73,110,160,380,410,410,133539,0,18,33.45744842443042,3.653347999716061,816.4340799994534,1232.9406690180397
1791294414,10000,,Aggregated,497.700000,0.000000,17,24,30,35,54,77,130,170,370,410,410,134994,0,18,33.37425936120891,3.653347999716061,816.4340799994534,1233.0482021423175
1791294415,2500,,Aggregated,496.300000,0.000000,17,25,31,37,59,84,140,180,390,410,410,135349,0,18,33.42050011759241,3.653347999716061,816.4340799994534,1233.4712631788932
