Type,Name,Request Count,Failure Count,Median Response Time,Average Response Time,Min Response Time,Max Response Time,Average Content Size,Requests/s,Failures/s,50%,66%,75%,80%,90%,95%,98%,99%,99.9%,99.99%,100%
GET,chat/poll,11504,0,15,27.718205740260757,5.935122999289888,499.92048499916564,59.490872739916554,38.30835636792393,0.0,15,20,27,33,59,97,160,200,340,470,500
GET,dashboard/boss,1,0,109.40845200093463,109.40845200093463,109.40845200093463,109.40845200093463,593.0,0.0033300031613285753,0.0,110,110,110,110,110,110,110,110,110,110,110
GET,dashboard/department,2728,0,15,29.216315337981086,6.244718000743887,738.019645001259,381.0,9.084248624104353,0.0,15,21,28,34,63,110,180,220,400,740,740
GET,dashboard/developer,22998,0,17,31.807469810847824,7.655257999431342,777.7298470009555,525.0,76.58341270423458,0.0,17,23,30,37,66,110,170,210,420,760,780
GET,dashboard/pm,1334,0,60,72.39750975711105,33.73397500035935,816.4340799994534,593.0,4.44222421721232,0.0,60,67,74,80,110,150,210,260,520,820,820
GET,list/department,2002,0,19,34.44577425225716,8.058684999923571,510.82045899966033,566.7672327672327,6.666666328979807,0.0,19,26,34,41,72,110,180,240,440,510,510
GET,list/developer,17352,0,27,41.12799970216307,12.33937600045465,771.0591690010915,3930.4598317196865,57.78221485537343,0.0,27,34,41,48,77,120,180,220,420,770,770
GET,list/pm,1068,0,48,62.681629518744664,25.898112000504625,431.2549020014558,32832.0,3.556443376298918,0.0,48,56,65,73,110,160,210,230,290,430,430
GET,notifications/unread,58455,0,10,24.212467543222473,3.653347999716061,763.5692550011299,11.0,194.65533479546187,0.0,10,16,22,29,55,94,160,200,370,720,760
GET,orders/page,4181,0,14,26.551168388192757,4.626172998541733,738.2177359995694,221.03013633102128,13.922743217514773,0.0,14,19,25,31,56,94,160,210,370,740,740
GET,people/page,637,0,340,355.7368035447325,201.8613849995745,800.9890569992422,37113.784929356356,2.121212013766302,0.0,340,370,390,400,440,480,540,570,800,800,800
GET,task/detail,8708,0,31,43.92270752172278,13.169407999157556,765.8808280011726,1642.8286632981167,28.99766752884923,0.0,31,38,46,53,80,120,180,220,400,770,770
POST,worklog/write,4381,0,57,71.14176414561697,25.050919999557664,584.4665329987038,1927.5959826523624,14.588743849780487,0.0,57,68,79,88,120,160,220,270,420,580,580
,Aggregated,135349,0,18,33.42050011759241,3.653347999716061,816.4340799994534,1233.4712631788932,450.7125978826613,0.0,18,27,36,43,71,110,190,260,450,760,820
